{"000.000.000\/01":{"nome":"aluno_1","curso":"ADS","periodo":"Noturno","cpf":"000.000.000\/01","telefone":"(00)0000-0001","dataIngresso":"00\/00\/0001","observacoes":"-"},"000.000.000\/02":{"nome":"aluno_2","curso":"TPG","periodo":"Matutino","cpf":"000.000.000\/02","telefone":"(00)0000-0002","dataIngresso":"00\/00\/0002","observacoes":"-"},"000.000.000\/03":{"nome":"aluno_3","curso":"TMA","periodo":"Noturno","cpf":"000.000.000\/03","telefone":"(00)0000-0003","dataIngresso":"00\/00\/0003","observacoes":"obs"}}